[
  {
    "id":0,
    "name_de":"Weißtanne",
    "name_bo":"Abies alba",
    "woodtype":0,
    "m_holz":"keine Harzkanäle, helles Kernholz, \ngelegentlich Haselwuchs (welliger Jahrringverlauf), ",
    "m_rinde":"weißgrau (silbern), \nmeißt glatt mit zahlreiche kleinen Höckern und Chinesenbärten, \nim alter grau-grünlich und längs gefurcht",
    "m_frisch":"nicht harzend, \nNasskern (säuerlicher Geruch)",
    "confusion":"Fichte, sie hat aber Harzkanäle",
    "heartwood":0,
    "confusionIds":[1],
    "longi":1,
    "profile":1,
    "bark":1
  },
  {
    "id":1,
    "name_de":"Gemeine Fichte",
    "name_bo":"Picea abies",
    "woodtype":0,
    "m_holz":"feine Harzkanäle aber meißt nicht sehr zahlreich, \nhelles Kernholz",
    "m_rinde":"jung: rot-braun, glatt; \nalter: abgerundete Schuppen und dunkler",
    "m_frisch":"stark harzend, \nnach fällen Splintholz leicht dunkler als Kernholz",
    "confusion":"Tanne, sie hat aber keine Harzkanäle",
    "heartwood":0,
    "confusionIds":[0],
    "longi":2,
    "profile":2,
    "bark":1
  },
  {
    "id":2,
    "name_de":"Waldkiefer",
    "name_bo":"Pinus sylvestris",
    "woodtype":0,
    "m_holz":"zahlreiche Harzkanäle mittlerer größe,\nrotbraunes Kernholz, \n relativ breiter Splint ",
    "m_rinde":"oben: dünn u. glatte rötliche Spiegelrinde; \nunten: dicke Borke, Schuppen rechteckig",
    "m_frisch":"Kernholz erst blass (nachdunkelnd), Splint oft verblaut",
    "confusion":"Schwarz-Kiefer, sie hat keine Spiegelrinde",
    "heartwood":1,
    "confusionIds":[3],
    "longi":2,
    "profile":3,
    "bark":3
  },
  {
    "id":3,
    "name_de":"Schwarzkiefer",
    "name_bo":"Pinus nigra",
    "woodtype":0,
    "m_holz":"Harzkanäle deutlich u. Zahlreich, \nKernholz rotbraun, breites Splintholz",
    "m_rinde":"schwarzgrau, \nSchuppen groß, dick u. abgerundet  \nsilbrig-weiß glänzend",
    "m_frisch":"",
    "confusion":"Wald-Kiefer, sie hat aber eine Spiegelrinde, \nund ist rötlicher",
    "heartwood":1,
    "confusionIds":[2],
    "longi":3,
    "profile":2,
    "bark":3
  },
  {
    "id":4,
    "name_de":"Weymouthskiefer, Strobe",
    "name_bo":"Pinus strobus",
    "woodtype":0,
    "m_holz":"Harzkanäle zahlreich u. deutlich, \nKern blass gelb-braun,\nbreite Jahrringe und sehr leicht u. weich, ",
    "m_rinde":"jung: glatt und grau; \nspäter: grau bis vielfarbig geschichtet, tief längsrissig",
    "m_frisch":"stark harzend",
    "confusion":"",
    "heartwood":1,
    "confusionIds":[],
    "longi":3,
    "profile":3,
    "bark":3
  },
  {
    "id":5,
    "name_de":"Zirbelkiefer, Arve",
    "name_bo":"Pinus cembra",
    "woodtype":0,
    "m_holz":"hellrötlicher Kern, \nschmaler Splint, \nleicht und weich",
    "m_rinde":"jung: silbergrau; \nalt: dunkel werdend, kleinschuppig",
    "m_frisch":"harzig, \nKern erst hellrötlich- nachdunkelnd",
    "confusion":"Strobe, in der Jugend, \nsie hat aber einen gelblichen Kern",
    "heartwood":1,
    "confusionIds":[4],
    "longi":1,
    "profile":3,
    "bark":3
  },
  {
    "id":6,
    "name_de":"Europ. Lärche / Japan. Lärche",
    "name_bo":"Larix decidua / Larix kaemperi",
    "woodtype":0,
    "m_holz":"rot-brauner Kern oft exzentrisch Verlagert, \nHeller schmaler Splint, ",
    "m_rinde":"jung: glatt grau-braun; \nalt: längsrissig, rötliche schichten!",
    "m_frisch":"Kern tiefrot, \naus Markrissen harzend",
    "confusion":"Douglasie, sie hat aber okerfarbene Einlagerungen\nEurop. u. Japan. Lärche sind kaum zu unterscheiden",
    "heartwood":1,
    "confusionIds":[7],
    "longi":3,
    "profile":4,
    "bark":4
  },
  {
    "id":7,
    "name_de":"Douglasie",
    "name_bo":"Pseudotsuga menziesii",
    "woodtype":0,
    "m_holz":"dunkel okerfarbener-rötlicher Kern, \nschmaler Splint",
    "m_rinde":"jung: glatt mit Harzbeulen; \nalt: tiefrissig, okerfarbene Korkeinlagerungen",
    "m_frisch":"Kern blassrot, \nstark harzig (Harzblasen)",
    "confusion":"lärche, sie hat aber rötliche Einlagerungen",
    "heartwood":1,
    "confusionIds":[6],
    "longi":2,
    "profile":2,
    "bark":2
  },
  {
    "id":8,
    "name_de":"Eibe",
    "name_bo":"Taxus baccata",
    "woodtype":0,
    "m_holz":"dunkler warmbrauner Kern, \nsehr schmaler Splint \nSpannrückigkeit, ",
    "m_rinde":"flache graubraune Schuppen, \ngroßflächig abblätternd,",
    "m_frisch":"",
    "confusion":"",
    "heartwood":1,
    "confusionIds":[],
    "longi":2,
    "profile":3,
    "bark":3
  },
  {
    "id":9,
    "name_de":"Gem. Esche / Amerik. Esche, Weißesche",
    "name_bo":"Fraxinus excelsior/Fraxinus americana",
    "woodtype":1,
    "m_holz":"große Poren in ausgeprägtem Ring, \ngleichmäßiger Jahrringaufbau, \nim Alter oft fakultatives matt-braunes Farbkernholz",
    "m_rinde":"jung: hellgrau glatt; \nalt: dunkler grau u. längsrissig",
    "m_frisch":"",
    "confusion":"",
    "heartwood":2,
    "confusionIds":[],
    "longi":2,
    "profile":2,
    "bark":2
  },
  {
    "id":10,
    "name_de":"Stieleiche / Traubeneiche",
    "name_bo":"Quercus robur/Quercus petraea",
    "woodtype":1,
    "m_holz":"hellbrauner Kern, \nschmaler Splint, \ndunkle Gefäße im Spätholz (geflammt!), \nbreite, helle Holzstrahlen, \nhart, schwer",
    "m_rinde":"jung: dünn, fein längsrissig; alt: dunkel, borkig, tief längsrissig",
    "m_frisch":"",
    "confusion":"Robinie, hat aber glatte Rinde; \nKastanie, hat aber keine Holzstahlen",
    "heartwood":1,
    "confusionIds":[13],
    "longi":2,
    "profile":3,
    "bark":2
  },
  {
    "id":11,
    "name_de":"Roteiche",
    "name_bo":"Quercus rubra",
    "woodtype":1,
    "m_holz":"gleichmäßig rötlicher Kern, \nschmaler Splint oft grünlich-grau,\nbreiter Ring an Pooren,\nHolzstrahlen im Radialschnitt deutlich `gestrichelt`",
    "m_rinde":"immer nur leicht längsrissig, grau-silbrig",
    "m_frisch":"",
    "confusion":"",
    "heartwood":1,
    "confusionIds":[],
    "longi":4,
    "profile":4,
    "bark":4
  },
  {
    "id":12,
    "name_de":"Edel- / Esskastanie",
    "name_bo":"Castanea sativa",
    "woodtype":1,
    "m_holz":"brauner Kern,heller Splint,\n Spätholz eher gefleckt als geflammt,\nohne sichtbare Holzstrahlen, ",
    "m_rinde":"jung: glatt; alt: längsrissig dunkelgrau",
    "m_frisch":"",
    "confusion":"Eiche: hat deutliche Holzstrahlen",
    "heartwood":1,
    "confusionIds":[10,11],
    "longi":3,
    "profile":2,
    "bark":3
  },
  {
    "id":13,
    "name_de":"Robinie, Falsche Akazie",
    "name_bo":"Robinia pseudoacacia",
    "woodtype":1,
    "m_holz":"olivgrüner Kern, messing-farben nachdunkelnd, \nschmaler gelblicher Splint, \nhelle Gefäße im Spätholz, \nschwer, hart",
    "m_rinde":"grauschwarz, v-rautenförmig längsrissige Struckturen",
    "m_frisch":"",
    "confusion":"Stiel/Traubeneiche: haben deutlichere Holzstrahlen, Spätholzgefähse radial angeordnet",
    "heartwood":1,
    "confusionIds":[10,11],
    "longi":1,
    "profile":1,
    "bark":1
  },
  {
    "id":14,
    "name_de":"Feldulme, Feldrüster",
    "name_bo":"Ulmus minor",
    "woodtype":1,
    "m_holz":"schokobrauner Kern, \nbreiter Splint, \nFlimmern der hellen Spätholzgefäße!",
    "m_rinde":"dunkel, längsrissig, korkreich",
    "m_frisch":"",
    "confusion":"Flatterulme, hat aber schmales Kernholz\nvon Bergulme kaum zu unterscheiden",
    "heartwood":1,
    "confusionIds":[16],
    "longi":3,
    "profile":2,
    "bark":2
  },
  {
    "id":15,
    "name_de":"Bergulme",
    "name_bo":"Ulmus glabra",
    "woodtype":1,
    "m_holz":"schokobrauner Kern, breiter Splint, \nFlimmern der hellen Spätholzgefäße!",
    "m_rinde":"dunkel, längsrissig, korkreich",
    "m_frisch":"",
    "confusion":"Flatterulme, hat aber schmales Kernholz, \nvon Feldulme kaum zu unterscheiden",
    "heartwood":1,
    "confusionIds":[16],
    "longi":2,
    "profile":2,
    "bark":2
  },
  {
    "id":16,
    "name_de":"Flatterulme",
    "name_bo":"Ulmus leavis",
    "woodtype":1,
    "m_holz":"blasser kleiner Kern (ca. um 1/3 des Ø), \nbreiter Splint,  \nFlimmern der hellen Spätholzgefäße",
    "m_rinde":"gräulich mit Weißen Flächen meliert, \nsehr Bastreich, abblättern dünner Schuppen",
    "m_frisch":"",
    "confusion":"Berg/Feldulme, sie haben aber breiteres Kernholz",
    "heartwood":1,
    "confusionIds":[14,15],
    "longi":1,
    "profile":4,
    "bark":4
  },
  {
    "id":17,
    "name_de":"Gemeine Birke / Moorbirke",
    "name_bo":"Betula pendula/Betula pubescens",
    "woodtype":2,
    "m_holz":"hellgelblich mit feinen Holzstrahlen;\nLängsschnitt fein nadelrissig.\nZahlreiche Gefäße, im Querschnitt fein verteilt (mehlstaubartig\")",
    "m_rinde":"glatt, auffallend weiß leuchtend;\nwaagerecht dünne Streifen ablösbar;\nAchtung, ältere Stämme vom Stammfuß her tief längsrissig und \ndunkel gefärbt mit silbernen Rindeneinlagerungen.",
    "m_frisch":"",
    "confusion":"",
    "heartwood":2,
    "confusionIds":[],
    "longi":1,
    "profile":2,
    "bark":2
  },
  {
    "id":18,
    "name_de":"Östl. Platane / Westl. Platane/Bastard Platane",
    "name_bo":"Platanus orientalis/Platanus occidentalis/Platanus hybrida",
    "woodtype":2,
    "m_holz":"Holzstrahlen häufig, breit, \nbilden auffallende Spiegel im Radialschnitt;\nhart, schwer;\nbei älteren Bäumen braunes fakultatives Farbkernholz",
    "m_rinde":"fällt in dünnen Platten ab! \nund hinterlässt  gelb-braun-grüne Flächen",
    "m_frisch":"",
    "confusion":"",
    "heartwood":2,
    "confusionIds":[],
    "longi":1,
    "profile":1,
    "bark":2
  },
  {
    "id":19,
    "name_de":"Rotbuche",
    "name_bo":"Fagus sylvatica",
    "woodtype":2,
    "m_holz":"Holzstrahlen deutlich und zahlreich, \nim Radialschnitt als breite glänzende Spiegel;\nJahrringgrenzen an den Holzstrahlen häufig leicht eingebuchtet;\nhart, schwer;\nim Alter oft mit rotem fakultativem Farbkernholz (Rotkern).",
    "m_rinde":"glatt, grau, dünn",
    "m_frisch":"",
    "confusion":"",
    "heartwood":2,
    "confusionIds":[],
    "longi":1,
    "profile":1,
    "bark":1
  },
  {
    "id":20,
    "name_de":"Hainbuche, Weißbuche",
    "name_bo":"Carbinus betulus",
    "woodtype":2,
    "m_holz":"weiß-grau, sehr hart und dicht;\nJahrringe grobwellig (spannrückig);\nJahrringgrenzen undeutlich;\nHolzstrahlen breit aber undeutlich",
    "m_rinde":"glatt, grau oder grünlich;\nStamm spannrückig;\nGelegentlich mit silbernen Längsstreifen",
    "m_frisch":"",
    "confusion":"",
    "heartwood":2,
    "confusionIds":[],
    "longi":1,
    "profile":1,
    "bark":1
  },
  {
    "id":21,
    "name_de":"Bergahorn",
    "name_bo":"Acer pseudoplatanus",
    "woodtype":2,
    "m_holz":"hart und hell;\nHolzstrahlen im Radialschnitt als auffallend glänzende aber feine Spiegel;\nJahrringgrenzen meist undeutlich;",
    "m_rinde":"Jung: glatt, graubraun, dünn,\nspäter: plattig abschuppend",
    "m_frisch":"",
    "confusion":"Spitzahorn, hat fein längsrissige Rinde ;\nFeldahorn, Rinde breit und tief gefurcht;\nRotbuche, hat breitere Holzstrahlen",
    "heartwood":2,
    "confusionIds":[22,23,19],
    "longi":3,
    "profile":3,
    "bark":3
  },
  {
    "id":22,
    "name_de":"Spitzahorn",
    "name_bo":"Acer platanoides",
    "woodtype":2,
    "m_holz":"hart und hell;\nrelativ leicht erkennbarer Jahrringaufbau;",
    "m_rinde":"grau, dünn \nfeine flache Furchen;",
    "m_frisch":"",
    "confusion":"Bergahorn, dessen Rinde zunächst glatt ist, später abschuppend\nFeldahorn, hat zunächst glatte Rinde, später abschuppend\nEsche (stehend), hat hellgraue Rinde",
    "heartwood":2,
    "confusionIds":[21,23,9],
    "longi":3,
    "profile":2,
    "bark":3
  },
  {
    "id":23,
    "name_de":"Feldahorn",
    "name_bo":"Acer campestre",
    "woodtype":2,
    "m_holz":"feiner Jahrringaufbau erkennbar;\nhell und hart.",
    "m_rinde":"grau-braun, \ntief parallelrissig, \noft mit hellen gelblichen Korkleisten;\nFurchen breit und tief;",
    "m_frisch":"",
    "confusion":"Bergahorn, dessen Rinde zunächst glatt ist, später abschuppend\nSpitzahorn, mit fein längsrissiger Rinde ",
    "heartwood":2,
    "confusionIds":[21,22],
    "longi":2,
    "profile":2,
    "bark":2
  },
  {
    "id":24,
    "name_de":"Walnuss",
    "name_bo":"Juglans regia",
    "woodtype":2,
    "m_holz":"meist dunkelbrauner Kern mit Farbabstufungen;\nhalbringporig (kleinporig);\ngroße Frühholzgefäße, im Längsschnitt deshalb auffallend schwarze Nadelrisse;\nJahrringgrenzen deutlich;",
    "m_rinde":"Jung: grau glatt;\nAlt: tief, großflächig längsrissig.",
    "m_frisch":"",
    "confusion":"",
    "heartwood":1,
    "confusionIds":[],
    "longi":1,
    "profile":2,
    "bark":1
  },
  {
    "id":25,
    "name_de":"Vogelkirsche, Süßkirsche",
    "name_bo":"Prunus avium",
    "woodtype":2,
    "m_holz":"Kern dunkel-braun, im jungen Zustand oft nicht erkennbar;\nHolzstrahlen auf dem Radialschnitt als hellbraune Bänder\ndurch dunkle Spätholz- und hellere Frühholzzonen streifig.",
    "m_rinde":"dunkelbraun bis schwärzlich glänzend;\nmit aufstehenden Rindenteilen, die sich in Querbändern aufringeln.",
    "m_frisch":"",
    "confusion":"Eberesche, hat aber hellere Rinde",
    "heartwood":1,
    "confusionIds":[30],
    "longi":5,
    "profile":3,
    "bark":5
  },
  {
    "id":26,
    "name_de":"Pflaumen- / Zwetschgenbaum",
    "name_bo":"Prunus domestica",
    "woodtype":2,
    "m_holz":"Kern satt rotbraun bis violett-braun;\nJahrringverlauf oft wellig;\nHolzstrahlen auf dem Radialschnitt als dunkle Bänder;\nschwer, hart.",
    "m_rinde":"dünn, anfangs glatt; später rissig, fast schwarz.",
    "m_frisch":"zunächst violett, färbt sich unter Lichteinfluss braun;",
    "confusion":"",
    "heartwood":1,
    "confusionIds":[],
    "longi":2,
    "profile":3,
    "bark":2
  },
  {
    "id":27,
    "name_de":"Traubenkirsche",
    "name_bo":"Prunus padus",
    "woodtype":2,
    "m_holz":"Kernholz gelblich/matt-braun, \nmanchmal grünlich gestreift",
    "m_rinde":"Rinde grau-braun mit rostfarbenen Lentizellen, \nim Alter schwarz-grau und längsrissig",
    "m_frisch":"",
    "confusion":"",
    "heartwood":1,
    "confusionIds":[],
    "longi":2,
    "profile":2,
    "bark":2
  },
  {
    "id":28,
    "name_de":"Apfelbaum",
    "name_bo":"Malus communis",
    "woodtype":2,
    "m_holz":"Kern braun-rot; \nSplint gelegentlich rötlich-weiß.",
    "m_rinde":"grau bis ockerfarben, marmoriert!, \nflachschuppig abblätternd.",
    "m_frisch":"",
    "confusion":"Elsbeere die sehr hart u. schwer ist",
    "heartwood":1,
    "confusionIds":[31],
    "longi":2,
    "profile":3,
    "bark":2
  },
  {
    "id":29,
    "name_de":"Birmbaum",
    "name_bo":"Pyrus communis",
    "woodtype":2,
    "m_holz":"mit leichtem Rotstich;\ngelegentlich rötlicher fakultativer Farbkern\nsehr feine, dunkle Spätholzzonen;\nHolz ohne besondere makroskopisch erkennbare Merkmale;\nhart.\n",
    "m_rinde":"grauschwarz, \ntiefe Längs- und Querrisse \nin würfelförmige Felder geteilt",
    "m_frisch":"Holz gelblich",
    "confusion":"",
    "heartwood":1,
    "confusionIds":[],
    "longi":2,
    "profile":2,
    "bark":2
  },
  {
    "id":30,
    "name_de":"Eberesche / Vogelbeer",
    "name_bo":"Sorbus aucuparia",
    "woodtype":2,
    "m_holz":"mit braunen Markflecken;\ngelegentlich fakultativer Farbkern;\nJahrringgrenzen deutlich erkennbar",
    "m_rinde":"glatt, grünlich-grau, glänzend,\nwie Fischhaut! \nmit schmalen, quer laufenden Lentizellen.",
    "m_frisch":"",
    "confusion":"Kirsche, aber meist mit Farbkern und dunkler Rinde",
    "heartwood":2,
    "confusionIds":[21],
    "longi":3,
    "profile":3,
    "bark":3
  },
  {
    "id":31,
    "name_de":"Elsbeere",
    "name_bo":"Sorbus torminalis",
    "woodtype":2,
    "m_holz":"rötlich, Jahrringe \nsehr fein aufgebaut;\nsehr hart.",
    "m_rinde":"flach,bräunlich  \nkleine, plattige Schuppen, \ndie leicht abfallen",
    "m_frisch":"",
    "confusion":"Apfelbaum, hat aber gräulichere Rinde",
    "heartwood":4,
    "confusionIds":[28],
    "longi":2,
    "profile":2,
    "bark":2
  },
  {
    "id":32,
    "name_de":"Mehlbeere",
    "name_bo":"Sorbus aria",
    "woodtype":2,
    "m_holz":"enger Jahrringaufbau; \nJahrringgrenzen deutlich;\nhart und schwer.",
    "m_rinde":"dunkelgrau;\nmit kleinen, undeutlich rautenförmigen, \nlängs laufenden Lentizellen.",
    "m_frisch":"",
    "confusion":"Elsbeere, hat braunere Rinde",
    "heartwood":4,
    "confusionIds":[31],
    "longi":2,
    "profile":2,
    "bark":2
  },
  {
    "id":33,
    "name_de":"Winterlinde / Sommerlinde",
    "name_bo":"Tilia cordata/Tilia platyphyllos",
    "woodtype":2,
    "m_holz":"sehr weich, hell, \nohne besondere makroskopisch erkennbare Strukturmerkmale, \nin Querschnitt Flammen im Bast!",
    "m_rinde":"zunächst glatt, grünlich grau, längsrissig;\nim Alter grau-schwarz und tief längsrissig;\nBast im Querschnitt mit trichterförmig verbreiterten Holzstrahlen (Flammen)",
    "m_frisch":"",
    "confusion":"",
    "heartwood":2,
    "confusionIds":[],
    "longi":3,
    "profile":2,
    "bark":3
  },
  {
    "id":34,
    "name_de":"Zitterpappel/ Aspe",
    "name_bo":"Populus tremula",
    "woodtype":2,
    "m_holz":"Jahrringe meist breit;\nschmutzig weißgrau, oft braunfleckig;\nsehr weich;\nmeist ohne Farbkern",
    "m_rinde":"glatt, grau-grün \nmit rautenförmigen, kleinen Korkwülsten (Lentizellen),\nim Alter längsrissig.",
    "m_frisch":"",
    "confusion":"Weiden, die aber orange-rötlichem  Kern haben \nandere Pappeln, die aber Nasskern bilden",
    "heartwood":4,
    "confusionIds":[35,37],
    "longi":3,
    "profile":4,
    "bark":3
  },
  {
    "id":35,
    "name_de":"Silberpappel / Schwarzpappel",
    "name_bo":"Populus alba/Populus nigra",
    "woodtype":2,
    "m_holz":"Kern blass-schmutzig; \ngräulich bis grünliche Kernfärbung\nSplint gelblich-weiß;\nJahrringe meist breit;\nweich;",
    "m_rinde":"silbrig- grau, in der Jugend glatt,\nim Alter sehr tief längsrissig, braun-schwarz.\nteilweise mit großen rautenförmigen, innen schwarzen Korkwülsten.",
    "m_frisch":"Kernholz nass, \ndeutlicher Geruch",
    "confusion":"Weiden, haben aber orangen Kern\nAspen, die aber meißt ohne Kern sind",
    "heartwood":4,
    "confusionIds":[37,35],
    "longi":6,
    "profile":4,
    "bark":6
  },
  {
    "id":36,
    "name_de":"Rosskastanie",
    "name_bo":"Aesculus hippocastanum",
    "woodtype":2,
    "m_holz":"Jahrringbau und Holzstrahlen wirken verwaschen;\nweich, sehr leicht;\nhäufig bräunlich-rötliches fakultatives Farbkernholz, \ndicke Bastschicht",
    "m_rinde":"in der Jugend glatt;\nim Alter mit schwarzen, dicken Schuppen;\nStamm stark drehwüchsig, oft spannrückig.",
    "m_frisch":"",
    "confusion":"",
    "heartwood":4,
    "confusionIds":[],
    "longi":2,
    "profile":2,
    "bark":2
  },
  {
    "id":37,
    "name_de":"Silberweide / Salweide",
    "name_bo":"Salix alba/Salix caprea",
    "woodtype":2,
    "m_holz":"Kern orange;\nSplint breit, weich.",
    "m_rinde":"im Alter dickborkig;\ntief längsrissig.",
    "m_frisch":"Kernholz nass, deutlicher Geruch",
    "confusion":"Pappel, haben aber fleckig wirkende Holzverfärbung, \nund bräunlich-grünliches Kernholz\nSilber- und Saalweide sind am Holz allein \nkaum zu unterscheiden.",
    "heartwood":4,
    "confusionIds":[34,35],
    "longi":1,
    "profile":1,
    "bark":1
  },
  {
    "id":38,
    "name_de":"Roterle, Schwarzerle",
    "name_bo":"Alnus glutinosa",
    "woodtype":2,
    "m_holz":"gelbliches bis rötlich-braunes Holz;\nHolzstrahlen als rötliche Bänder;\nweich.",
    "m_rinde":"Jung: glatt, graugrünlich,\nSpäter: schwarzbraun und rissig.",
    "m_frisch":"leuchtend orange (oxidiert)\nfrischer Bast leuchtend rot.",
    "confusion":"Grauerle, mit glatter, \ngrau-grünlicher Rinde",
    "heartwood":4,
    "confusionIds":[39],
    "longi":1,
    "profile":1,
    "bark":1
  },
  {
    "id":39,
    "name_de":"Grauerle, Weißerle",
    "name_bo":"Alnus incana",
    "woodtype":2,
    "m_holz":"rötlich-braun;\nJahrringe im Bereich der Holzstrahlen stark gebuchtet, wellig;\nHolzstrahlen als rötliche Bänder;\nweich.",
    "m_rinde":"glatt, silbergrau.",
    "m_frisch":"leuchtend orange oxidiert",
    "confusion":"Schwarzerle, aber mit längsrissiger, \nmanchmal schwärzlicher Rinde",
    "heartwood":4,
    "confusionIds":[38],
    "longi":3,
    "profile":3,
    "bark":3
  }
]